Unnamed: 0,ID,Name,Age,Photo,Nationality,Flag,Overall,Potential,Club,Club Logo,Value,Wage,Special,Preferred Foot,International Reputation,Weak Foot,Skill Moves,Work Rate,Body Type,Real Face,Position,Jersey Number,Joined,Loaned From,Contract Valid Until,Height,Weight,LS,ST,RS,LW,LF,CF,RF,RW,LAM,CAM,RAM,LM,LCM,CM,RCM,RM,LWB,LDM,CDM,RDM,RWB,LB,LCB,CB,RCB,RB,Crossing,Finishing,HeadingAccuracy,ShortPassing,Volleys,Dribbling,Curve,FKAccuracy,LongPassing,BallControl,Acceleration,SprintSpeed,Agility,Reactions,Balance,ShotPower,Jumping,Stamina,Strength,LongShots,Aggression,Interceptions,Positioning,Vision,Penalties,Composure,Marking,StandingTackle,SlidingTackle,GKDiving,GKHandling,GKKicking,GKPositioning,GKReflexes,Release Clause
0,158023,L. Messi,31,https://cdn.sofifa.org/players/4/19/158023.png,Argentina,https://cdn.sofifa.org/flags/52.png,94,94,FC Barcelona,https://cdn.sofifa.org/teams/2/light/241.png,€110.5M,€565K,2202,Left,5.0,4.0,4.0,Medium/ Medium,Messi,Yes,RF,10.0,"Jul 1, 2004",,2021,5'7,159lbs,88+2,88+2,88+2,92+2,93+2,93+2,93+2,92+2,93+2,93+2,93+2,91+2,84+2,84+2,84+2,91+2,64+2,61+2,61+2,61+2,64+2,59+2,47+2,47+2,47+2,59+2,84.0,95.0,70.0,90.0,86.0,97.0,93.0,94.0,87.0,96.0,91.0,86.0,91.0,95.0,95.0,85.0,68.0,72.0,59.0,94.0,48.0,22.0,94.0,94.0,75.0,96.0,33.0,28.0,26.0,6.0,11.0,15.0,14.0,8.0,€226.5M
1,20801,Cristiano Ronaldo,33,https://cdn.sofifa.org/players/4/19/20801.png,Portugal,https://cdn.sofifa.org/flags/38.png,94,94,Juventus,https://cdn.sofifa.org/teams/2/light/45.png,€77M,€405K,2228,Right,5.0,4.0,5.0,High/ Low,C. Ronaldo,Yes,ST,7.0,"Jul 10, 2018",,2022,6'2,183lbs,91+3,91+3,91+3,89+3,90+3,90+3,90+3,89+3,88+3,88+3,88+3,88+3,81+3,81+3,81+3,88+3,65+3,61+3,61+3,61+3,65+3,61+3,53+3,53+3,53+3,61+3,84.0,94.0,89.0,81.0,87.0,88.0,81.0,76.0,77.0,94.0,89.0,91.0,87.0,96.0,70.0,95.0,95.0,88.0,79.0,93.0,63.0,29.0,95.0,82.0,85.0,95.0,28.0,31.0,23.0,7.0,11.0,15.0,14.0,11.0,€127.1M
2,190871,Neymar Jr,26,https://cdn.sofifa.org/players/4/19/190871.png,Brazil,https://cdn.sofifa.org/flags/54.png,92,93,Paris Saint-Germain,https://cdn.sofifa.org/teams/2/light/73.png,€118.5M,€290K,2143,Right,5.0,5.0,5.0,High/ Medium,Neymar,Yes,LW,10.0,"Aug 3, 2017",,2022,5'9,150lbs,84+3,84+3,84+3,89+3,89+3,89+3,89+3,89+3,89+3,89+3,89+3,88+3,81+3,81+3,81+3,88+3,65+3,60+3,60+3,60+3,65+3,60+3,47+3,47+3,47+3,60+3,79.0,87.0,62.0,84.0,84.0,96.0,88.0,87.0,78.0,95.0,94.0,90.0,96.0,94.0,84.0,80.0,61.0,81.0,49.0,82.0,56.0,36.0,89.0,87.0,81.0,94.0,27.0,24.0,33.0,9.0,9.0,15.0,15.0,11.0,€228.1M
3,193080,De Gea,27,https://cdn.sofifa.org/players/4/19/193080.png,Spain,https://cdn.sofifa.org/flags/45.png,91,93,Manchester United,https://cdn.sofifa.org/teams/2/light/11.png,€72M,€260K,1471,Right,4.0,3.0,1.0,Medium/ Medium,Lean,Yes,GK,1.0,"Jul 1, 2011",,2020,6'4,168lbs,,,,,,,,,,,,,,,,,,,,,,,,,,,17.0,13.0,21.0,50.0,13.0,18.0,21.0,19.0,51.0,42.0,57.0,58.0,60.0,90.0,43.0,31.0,67.0,43.0,64.0,12.0,38.0,30.0,12.0,68.0,40.0,68.0,15.0,21.0,13.0,90.0,85.0,87.0,88.0,94.0,€138.6M
4,192985,K. De Bruyne,27,https://cdn.sofifa.org/players/4/19/192985.png,Belgium,https://cdn.sofifa.org/flags/7.png,91,92,Manchester City,https://cdn.sofifa.org/teams/2/light/10.png,€102M,€355K,2281,Right,4.0,5.0,4.0,High/ High,Normal,Yes,RCM,7.0,"Aug 30, 2015",,2023,5'11,154lbs,82+3,82+3,82+3,87+3,87+3,87+3,87+3,87+3,88+3,88+3,88+3,88+3,87+3,87+3,87+3,88+3,77+3,77+3,77+3,77+3,77+3,73+3,66+3,66+3,66+3,73+3,93.0,82.0,55.0,92.0,82.0,86.0,85.0,83.0,91.0,91.0,78.0,76.0,79.0,91.0,77.0,91.0,63.0,90.0,75.0,91.0,76.0,61.0,87.0,94.0,79.0,88.0,68.0,58.0,51.0,15.0,13.0,5.0,10.0,13.0,€196.4M
5,183277,E. Hazard,27,https://cdn.sofifa.org/players/4/19/183277.png,Belgium,https://cdn.sofifa.org/flags/7.png,91,91,Chelsea,https://cdn.sofifa.org/teams/2/light/5.png,€93M,€340K,2142,Right,4.0,4.0,4.0,High/ Medium,Normal,Yes,LF,10.0,"Jul 1, 2012",,2020,5'8,163lbs,83+3,83+3,83+3,89+3,88+3,88+3,88+3,89+3,89+3,89+3,89+3,89+3,82+3,82+3,82+3,89+3,66+3,63+3,63+3,63+3,66+3,60+3,49+3,49+3,49+3,60+3,81.0,84.0,61.0,89.0,80.0,95.0,83.0,79.0,83.0,94.0,94.0,88.0,95.0,90.0,94.0,82.0,56.0,83.0,66.0,80.0,54.0,41.0,87.0,89.0,86.0,91.0,34.0,27.0,22.0,11.0,12.0,6.0,8.0,8.0,€172.1M
6,177003,L. Modrić,32,https://cdn.sofifa.org/players/4/19/177003.png,Croatia,https://cdn.sofifa.org/flags/10.png,91,91,Real Madrid,https://cdn.sofifa.org/teams/2/light/243.png,€67M,€420K,2280,Right,4.0,4.0,4.0,High/ High,Lean,Yes,RCM,10.0,"Aug 1, 2012",,2020,5'8,146lbs,77+3,77+3,77+3,85+3,84+3,84+3,84+3,85+3,87+3,87+3,87+3,86+3,88+3,88+3,88+3,86+3,82+3,81+3,81+3,81+3,82+3,79+3,71+3,71+3,71+3,79+3,86.0,72.0,55.0,93.0,76.0,90.0,85.0,78.0,88.0,93.0,80.0,72.0,93.0,90.0,94.0,79.0,68.0,89.0,58.0,82.0,62.0,83.0,79.0,92.0,82.0,84.0,60.0,76.0,73.0,13.0,9.0,7.0,14.0,9.0,€137.4M
7,176580,L. Suárez,31,https://cdn.sofifa.org/players/4/19/176580.png,Uruguay,https://cdn.sofifa.org/flags/60.png,91,91,FC Barcelona,https://cdn.sofifa.org/teams/2/light/241.png,€80M,€455K,2346,Right,5.0,4.0,3.0,High/ Medium,Normal,Yes,RS,9.0,"Jul 11, 2014",,2021,6'0,190lbs,87+5,87+5,87+5,86+5,87+5,87+5,87+5,86+5,85+5,85+5,85+5,84+5,79+5,79+5,79+5,84+5,69+5,68+5,68+5,68+5,69+5,66+5,63+5,63+5,63+5,66+5,77.0,93.0,77.0,82.0,88.0,87.0,86.0,84.0,64.0,90.0,86.0,75.0,82.0,92.0,83.0,86.0,69.0,90.0,83.0,85.0,87.0,41.0,92.0,84.0,85.0,85.0,62.0,45.0,38.0,27.0,25.0,31.0,33.0,37.0,€164M
8,155862,Sergio Ramos,32,https://cdn.sofifa.org/players/4/19/155862.png,Spain,https://cdn.sofifa.org/flags/45.png,91,91,Real Madrid,https://cdn.sofifa.org/teams/2/light/243.png,€51M,€380K,2201,Right,4.0,3.0,3.0,High/ Medium,Normal,Yes,RCB,15.0,"Aug 1, 2005",,2020,6'0,181lbs,73+3,73+3,73+3,70+3,71+3,71+3,71+3,70+3,71+3,71+3,71+3,72+3,75+3,75+3,75+3,72+3,81+3,84+3,84+3,84+3,81+3,84+3,87+3,87+3,87+3,84+3,66.0,60.0,91.0,78.0,66.0,63.0,74.0,72.0,77.0,84.0,76.0,75.0,78.0,85.0,66.0,79.0,93.0,84.0,83.0,59.0,88.0,90.0,60.0,63.0,75.0,82.0,87.0,92.0,91.0,11.0,8.0,9.0,7.0,11.0,€104.6M
9,200389,J. Oblak,25,https://cdn.sofifa.org/players/4/19/200389.png,Slovenia,https://cdn.sofifa.org/flags/44.png,90,93,Atlético Madrid,https://cdn.sofifa.org/teams/2/light/240.png,€68M,€94K,1331,Right,3.0,3.0,1.0,Medium/ Medium,Normal,Yes,GK,1.0,"Jul 16, 2014",,2021,6'2,192lbs,,,,,,,,,,,,,,,,,,,,,,,,,,,13.0,11.0,15.0,29.0,13.0,12.0,13.0,14.0,26.0,16.0,43.0,60.0,67.0,86.0,49.0,22.0,76.0,41.0,78.0,12.0,34.0,19.0,11.0,70.0,11.0,70.0,27.0,12.0,18.0,86.0,92.0,78.0,88.0,89.0,€144.5M
10,188545,R. Lewandowski,29,https://cdn.sofifa.org/players/4/19/188545.png,Poland,https://cdn.sofifa.org/flags/37.png,90,90,FC Bayern München,https://cdn.sofifa.org/teams/2/light/21.png,€77M,€205K,2152,Right,4.0,4.0,4.0,High/ Medium,Normal,Yes,ST,9.0,"Jul 1, 2014",,2021,6'0,176lbs,87+3,87+3,87+3,83+3,86+3,86+3,86+3,83+3,83+3,83+3,83+3,81+3,77+3,77+3,77+3,81+3,61+3,62+3,62+3,62+3,61+3,58+3,57+3,57+3,57+3,58+3,62.0,91.0,85.0,83.0,89.0,85.0,77.0,86.0,65.0,89.0,77.0,78.0,78.0,90.0,78.0,88.0,84.0,78.0,84.0,84.0,80.0,39.0,91.0,77.0,88.0,86.0,34.0,42.0,19.0,15.0,6.0,12.0,8.0,10.0,€127.1M
11,182521,T. Kroos,28,https://cdn.sofifa.org/players/4/19/182521.png,Germany,https://cdn.sofifa.org/flags/21.png,90,90,Real Madrid,https://cdn.sofifa.org/teams/2/light/243.png,€76.5M,€355K,2190,Right,4.0,5.0,3.0,Medium/ Medium,Normal,Yes,LCM,8.0,"Jul 17, 2014",,2022,6'0,168lbs,78+3,78+3,78+3,81+3,82+3,82+3,82+3,81+3,84+3,84+3,84+3,82+3,86+3,86+3,86+3,82+3,79+3,82+3,82+3,82+3,79+3,77+3,72+3,72+3,72+3,77+3,88.0,76.0,54.0,92.0,82.0,81.0,86.0,84.0,93.0,90.0,64.0,62.0,70.0,89.0,71.0,87.0,30.0,75.0,73.0,92.0,60.0,82.0,79.0,86.0,73.0,85.0,72.0,79.0,69.0,10.0,11.0,13.0,7.0,10.0,€156.8M
12,182493,D. Godín,32,https://cdn.sofifa.org/players/4/19/182493.png,Uruguay,https://cdn.sofifa.org/flags/60.png,90,90,Atlético Madrid,https://cdn.sofifa.org/teams/2/light/240.png,€44M,€125K,1946,Right,3.0,3.0,2.0,Medium/ High,Lean,Yes,CB,10.0,"Aug 4, 2010",,2019,6'2,172lbs,64+3,64+3,64+3,61+3,62+3,62+3,62+3,61+3,62+3,62+3,62+3,63+3,68+3,68+3,68+3,63+3,76+3,81+3,81+3,81+3,76+3,79+3,87+3,87+3,87+3,79+3,55.0,42.0,92.0,79.0,47.0,53.0,49.0,51.0,70.0,76.0,68.0,68.0,58.0,85.0,54.0,67.0,91.0,66.0,88.0,43.0,89.0,88.0,48.0,52.0,50.0,82.0,90.0,89.0,89.0,6.0,8.0,15.0,5.0,15.0,€90.2M
13,168542,David Silva,32,https://cdn.sofifa.org/players/4/19/168542.png,Spain,https://cdn.sofifa.org/flags/45.png,90,90,Manchester City,https://cdn.sofifa.org/teams/2/light/10.png,€60M,€285K,2115,Left,4.0,2.0,4.0,High/ Medium,Normal,Yes,LCM,21.0,"Jul 14, 2010",,2020,5'8,148lbs,77+3,77+3,77+3,85+3,84+3,84+3,84+3,85+3,87+3,87+3,87+3,85+3,85+3,85+3,85+3,85+3,69+3,70+3,70+3,70+3,69+3,64+3,57+3,57+3,57+3,64+3,84.0,76.0,54.0,93.0,82.0,89.0,82.0,77.0,87.0,94.0,70.0,64.0,92.0,90.0,90.0,72.0,64.0,78.0,52.0,75.0,57.0,50.0,89.0,92.0,75.0,93.0,59.0,53.0,29.0,6.0,15.0,7.0,6.0,12.0,€111M
14,215914,N. Kanté,27,https://cdn.sofifa.org/players/4/19/215914.png,France,https://cdn.sofifa.org/flags/18.png,89,90,Chelsea,https://cdn.sofifa.org/teams/2/light/5.png,€63M,€225K,2189,Right,3.0,3.0,2.0,Medium/ High,Lean,Yes,LDM,13.0,"Jul 16, 2016",,2023,5'6,159lbs,72+3,72+3,72+3,77+3,77+3,77+3,77+3,77+3,79+3,79+3,79+3,79+3,82+3,82+3,82+3,79+3,85+3,87+3,87+3,87+3,85+3,84+3,83+3,83+3,83+3,84+3,68.0,65.0,54.0,86.0,56.0,79.0,49.0,49.0,81.0,80.0,82.0,78.0,82.0,93.0,92.0,71.0,77.0,96.0,76.0,69.0,90.0,92.0,71.0,79.0,54.0,85.0,90.0,91.0,85.0,15.0,12.0,10.0,7.0,10.0,€121.3M
15,211110,P. Dybala,24,https://cdn.sofifa.org/players/4/19/211110.png,Argentina,https://cdn.sofifa.org/flags/52.png,89,94,Juventus,https://cdn.sofifa.org/teams/2/light/45.png,€89M,€205K,2092,Left,3.0,3.0,4.0,High/ Medium,Normal,Yes,LF,21.0,"Jul 1, 2015",,2022,5'10,165lbs,83+3,83+3,83+3,87+3,86+3,86+3,86+3,87+3,87+3,87+3,87+3,86+3,79+3,79+3,79+3,86+3,62+3,58+3,58+3,58+3,62+3,56+3,45+3,45+3,45+3,56+3,82.0,84.0,68.0,87.0,88.0,92.0,88.0,88.0,75.0,92.0,87.0,83.0,91.0,86.0,85.0,82.0,75.0,80.0,65.0,88.0,48.0,32.0,84.0,87.0,86.0,84.0,23.0,20.0,20.0,5.0,4.0,4.0,5.0,8.0,€153.5M
16,202126,H. Kane,24,https://cdn.sofifa.org/players/4/19/202126.png,England,https://cdn.sofifa.org/flags/14.png,89,91,Tottenham Hotspur,https://cdn.sofifa.org/teams/2/light/18.png,€83.5M,€205K,2165,Right,3.0,4.0,3.0,High/ High,Normal,Yes,ST,9.0,"Jul 1, 2010",,2024,6'2,196lbs,86+3,86+3,86+3,82+3,84+3,84+3,84+3,82+3,82+3,82+3,82+3,81+3,79+3,79+3,79+3,81+3,65+3,66+3,66+3,66+3,65+3,62+3,60+3,60+3,60+3,62+3,75.0,94.0,85.0,80.0,84.0,80.0,78.0,68.0,82.0,84.0,68.0,72.0,71.0,91.0,71.0,88.0,78.0,89.0,84.0,85.0,76.0,35.0,93.0,80.0,90.0,89.0,56.0,36.0,38.0,8.0,10.0,11.0,14.0,11.0,€160.7M
17,194765,A. Griezmann,27,https://cdn.sofifa.org/players/4/19/194765.png,France,https://cdn.sofifa.org/flags/18.png,89,90,Atlético Madrid,https://cdn.sofifa.org/teams/2/light/240.png,€78M,€145K,2246,Left,4.0,3.0,4.0,High/ High,Lean,Yes,CAM,7.0,"Jul 28, 2014",,2023,5'9,161lbs,86+3,86+3,86+3,87+3,87+3,87+3,87+3,87+3,86+3,86+3,86+3,86+3,80+3,80+3,80+3,86+3,70+3,67+3,67+3,67+3,70+3,67+3,61+3,61+3,61+3,67+3,82.0,90.0,84.0,83.0,87.0,88.0,84.0,78.0,76.0,90.0,88.0,85.0,90.0,90.0,80.0,80.0,90.0,83.0,62.0,82.0,69.0,35.0,91.0,83.0,79.0,87.0,59.0,47.0,48.0,14.0,8.0,14.0,13.0,14.0,€165.8M
18,192448,M. ter Stegen,26,https://cdn.sofifa.org/players/4/19/192448.png,Germany,https://cdn.sofifa.org/flags/21.png,89,92,FC Barcelona,https://cdn.sofifa.org/teams/2/light/241.png,€58M,€240K,1328,Right,3.0,4.0,1.0,Medium/ Medium,Normal,Yes,GK,22.0,"Jul 1, 2014",,2022,6'2,187lbs,,,,,,,,,,,,,,,,,,,,,,,,,,,15.0,14.0,11.0,36.0,14.0,17.0,18.0,12.0,42.0,18.0,38.0,50.0,37.0,85.0,43.0,22.0,79.0,35.0,79.0,10.0,43.0,22.0,11.0,69.0,25.0,69.0,25.0,13.0,10.0,87.0,85.0,88.0,85.0,90.0,€123.3M
19,192119,T. Courtois,26,https://cdn.sofifa.org/players/4/19/192119.png,Belgium,https://cdn.sofifa.org/flags/7.png,89,90,Real Madrid,https://cdn.sofifa.org/teams/2/light/243.png,€53.5M,€240K,1311,Left,4.0,2.0,1.0,Medium/ Medium,Courtois,Yes,GK,1.0,"Aug 9, 2018",,2024,6'6,212lbs,,,,,,,,,,,,,,,,,,,,,,,,,,,14.0,14.0,13.0,33.0,12.0,13.0,19.0,20.0,35.0,23.0,46.0,52.0,61.0,84.0,45.0,36.0,68.0,38.0,70.0,17.0,23.0,15.0,13.0,44.0,27.0,66.0,20.0,18.0,16.0,85.0,91.0,72.0,86.0,88.0,€113.7M
20,189511,Sergio Busquets,29,https://cdn.sofifa.org/players/4/19/189511.png,Spain,https://cdn.sofifa.org/flags/45.png,89,89,FC Barcelona,https://cdn.sofifa.org/teams/2/light/241.png,€51.5M,€315K,2065,Right,4.0,3.0,3.0,Medium/ Medium,Lean,Yes,CDM,5.0,"Sep 1, 2008",,2023,6'2,168lbs,71+3,71+3,71+3,74+3,76+3,76+3,76+3,74+3,79+3,79+3,79+3,76+3,83+3,83+3,83+3,76+3,79+3,86+3,86+3,86+3,79+3,78+3,82+3,82+3,82+3,78+3,62.0,67.0,68.0,89.0,44.0,80.0,66.0,68.0,82.0,88.0,50.0,52.0,66.0,87.0,52.0,61.0,66.0,86.0,77.0,54.0,85.0,87.0,77.0,87.0,60.0,90.0,90.0,86.0,80.0,5.0,8.0,13.0,9.0,13.0,€105.6M
21,179813,E. Cavani,31,https://cdn.sofifa.org/players/4/19/179813.png,Uruguay,https://cdn.sofifa.org/flags/60.png,89,89,Paris Saint-Germain,https://cdn.sofifa.org/teams/2/light/73.png,€60M,€200K,2161,Right,4.0,4.0,3.0,High/ High,Lean,Yes,LS,21.0,"Jul 16, 2013",,2020,6'1,170lbs,85+3,85+3,85+3,81+3,83+3,83+3,83+3,81+3,80+3,80+3,80+3,79+3,75+3,75+3,75+3,79+3,67+3,65+3,65+3,65+3,67+3,65+3,63+3,63+3,63+3,65+3,70.0,89.0,89.0,78.0,90.0,80.0,77.0,76.0,52.0,82.0,75.0,76.0,77.0,91.0,59.0,87.0,88.0,92.0,78.0,79.0,84.0,48.0,93.0,77.0,85.0,82.0,52.0,45.0,39.0,12.0,5.0,13.0,13.0,10.0,€111M
22,167495,M. Neuer,32,https://cdn.sofifa.org/players/4/19/167495.png,Germany,https://cdn.sofifa.org/flags/21.png,89,89,FC Bayern München,https://cdn.sofifa.org/teams/2/light/21.png,€38M,€130K,1473,Right,5.0,4.0,1.0,Medium/ Medium,Normal,Yes,GK,1.0,"Jul 1, 2011",,2021,6'4,203lbs,,,,,,,,,,,,,,,,,,,,,,,,,,,15.0,13.0,25.0,55.0,11.0,30.0,14.0,11.0,59.0,48.0,54.0,60.0,51.0,84.0,35.0,25.0,77.0,43.0,80.0,16.0,29.0,30.0,12.0,70.0,47.0,70.0,17.0,10.0,11.0,90.0,86.0,91.0,87.0,87.0,€62.7M
23,153079,S. Agüero,30,https://cdn.sofifa.org/players/4/19/153079.png,Argentina,https://cdn.sofifa.org/flags/52.png,89,89,Manchester City,https://cdn.sofifa.org/teams/2/light/10.png,€64.5M,€300K,2107,Right,4.0,4.0,4.0,High/ Medium,Stocky,Yes,ST,10.0,"Jul 28, 2011",,2021,5'8,154lbs,86+3,86+3,86+3,86+3,87+3,87+3,87+3,86+3,85+3,85+3,85+3,83+3,76+3,76+3,76+3,83+3,58+3,56+3,56+3,56+3,58+3,53+3,47+3,47+3,47+3,53+3,70.0,93.0,77.0,81.0,85.0,89.0,82.0,73.0,64.0,89.0,88.0,80.0,86.0,90.0,91.0,88.0,81.0,76.0,73.0,83.0,65.0,24.0,92.0,83.0,83.0,90.0,30.0,20.0,12.0,13.0,15.0,6.0,11.0,14.0,€119.3M
24,138956,G. Chiellini,33,https://cdn.sofifa.org/players/4/19/138956.png,Italy,https://cdn.sofifa.org/flags/27.png,89,89,Juventus,https://cdn.sofifa.org/teams/2/light/45.png,€27M,€215K,1841,Left,4.0,3.0,2.0,Medium/ High,Normal,Yes,LCB,3.0,"Jul 1, 2005",,2020,6'2,187lbs,58+3,58+3,58+3,54+3,55+3,55+3,55+3,54+3,54+3,54+3,54+3,56+3,60+3,60+3,60+3,56+3,74+3,76+3,76+3,76+3,74+3,77+3,86+3,86+3,86+3,77+3,58.0,33.0,83.0,59.0,45.0,58.0,60.0,31.0,59.0,57.0,63.0,75.0,54.0,82.0,55.0,78.0,89.0,65.0,89.0,49.0,92.0,88.0,28.0,50.0,50.0,84.0,93.0,93.0,90.0,3.0,3.0,2.0,4.0,3.0,€44.6M
25,231747,K. Mbappé,19,https://cdn.sofifa.org/players/4/19/231747.png,France,https://cdn.sofifa.org/flags/18.png,88,95,Paris Saint-Germain,https://cdn.sofifa.org/teams/2/light/73.png,€81M,€100K,2118,Right,3.0,4.0,5.0,High/ Medium,Lean,Yes,RM,10.0,"Jul 1, 2018",,2022,5'10,161lbs,85+3,85+3,85+3,87+3,87+3,87+3,87+3,87+3,86+3,86+3,86+3,86+3,78+3,78+3,78+3,86+3,66+3,62+3,62+3,62+3,66+3,62+3,54+3,54+3,54+3,62+3,77.0,88.0,77.0,82.0,78.0,90.0,77.0,63.0,73.0,91.0,96.0,96.0,92.0,87.0,83.0,79.0,75.0,83.0,71.0,78.0,62.0,38.0,88.0,82.0,70.0,86.0,34.0,34.0,32.0,13.0,5.0,7.0,11.0,6.0,€166.1M
26,209331,M. Salah,26,https://cdn.sofifa.org/players/4/19/209331.png,Egypt,https://cdn.sofifa.org/flags/111.png,88,89,Liverpool,https://cdn.sofifa.org/teams/2/light/9.png,€69.5M,€255K,2146,Left,3.0,3.0,4.0,High/ Medium,PLAYER_BODY_TYPE_25,Yes,RM,10.0,"Jul 1, 2017",,2023,5'9,157lbs,83+3,83+3,83+3,87+3,86+3,86+3,86+3,87+3,86+3,86+3,86+3,86+3,80+3,80+3,80+3,86+3,70+3,66+3,66+3,66+3,70+3,66+3,57+3,57+3,57+3,66+3,78.0,90.0,59.0,82.0,73.0,89.0,83.0,60.0,72.0,88.0,94.0,91.0,91.0,91.0,88.0,77.0,68.0,84.0,70.0,83.0,63.0,55.0,90.0,82.0,61.0,91.0,38.0,43.0,41.0,14.0,14.0,9.0,11.0,14.0,€137.3M
27,200145,Casemiro,26,https://cdn.sofifa.org/players/4/19/200145.png,Brazil,https://cdn.sofifa.org/flags/54.png,88,90,Real Madrid,https://cdn.sofifa.org/teams/2/light/243.png,€59.5M,€285K,2170,Right,3.0,3.0,2.0,Medium/ High,Normal,Yes,CDM,14.0,"Jul 11, 2013",,2021,6'1,185lbs,72+3,72+3,72+3,69+3,73+3,73+3,73+3,69+3,74+3,74+3,74+3,71+3,80+3,80+3,80+3,71+3,78+3,85+3,85+3,85+3,78+3,79+3,85+3,85+3,85+3,79+3,52.0,59.0,76.0,85.0,53.0,69.0,59.0,74.0,82.0,78.0,59.0,65.0,62.0,84.0,66.0,86.0,88.0,87.0,89.0,79.0,87.0,87.0,69.0,77.0,66.0,84.0,88.0,90.0,87.0,13.0,14.0,16.0,12.0,12.0,€126.4M
28,198710,J. Rodríguez,26,https://cdn.sofifa.org/players/4/19/198710.png,Colombia,https://cdn.sofifa.org/flags/56.png,88,89,FC Bayern München,https://cdn.sofifa.org/teams/2/light/21.png,€69.5M,€315K,2171,Left,4.0,3.0,4.0,Medium/ Medium,Normal,Yes,LAM,10.0,,Real Madrid,"Jun 30, 2019",5'11,172lbs,80+3,80+3,80+3,84+3,83+3,83+3,83+3,84+3,85+3,85+3,85+3,83+3,81+3,81+3,81+3,83+3,69+3,68+3,68+3,68+3,69+3,65+3,58+3,58+3,58+3,65+3,90.0,83.0,62.0,89.0,90.0,85.0,89.0,86.0,83.0,90.0,73.0,67.0,83.0,85.0,76.0,86.0,54.0,70.0,68.0,92.0,64.0,55.0,80.0,89.0,81.0,87.0,52.0,41.0,44.0,15.0,15.0,15.0,5.0,14.0,
29,198219,L. Insigne,27,https://cdn.sofifa.org/players/4/19/198219.png,Italy,https://cdn.sofifa.org/flags/27.png,88,88,Napoli,https://cdn.sofifa.org/teams/2/light/48.png,€62M,€165K,2017,Right,3.0,3.0,4.0,High/ Medium,Normal,Yes,LW,10.0,"Jul 1, 2010",,2022,5'4,130lbs,78+3,78+3,78+3,86+3,85+3,85+3,85+3,86+3,86+3,86+3,86+3,86+3,78+3,78+3,78+3,86+3,63+3,58+3,58+3,58+3,63+3,58+3,44+3,44+3,44+3,58+3,86.0,77.0,56.0,85.0,74.0,90.0,87.0,77.0,78.0,93.0,94.0,86.0,94.0,83.0,93.0,75.0,53.0,75.0,44.0,84.0,34.0,26.0,83.0,87.0,61.0,83.0,51.0,24.0,22.0,8.0,4.0,14.0,9.0,10.0,€105.4M
30,197781,Isco,26,https://cdn.sofifa.org/players/4/19/197781.png,Spain,https://cdn.sofifa.org/flags/45.png,88,91,Real Madrid,https://cdn.sofifa.org/teams/2/light/243.png,€73.5M,€315K,2137,Right,3.0,3.0,4.0,High/ Medium,Normal,Yes,LW,22.0,"Jul 3, 2013",,2022,5'9,174lbs,76+3,76+3,76+3,84+3,83+3,83+3,83+3,84+3,86+3,86+3,86+3,83+3,83+3,83+3,83+3,83+3,72+3,73+3,73+3,73+3,72+3,68+3,63+3,63+3,63+3,68+3,75.0,79.0,55.0,89.0,65.0,94.0,88.0,76.0,83.0,95.0,75.0,69.0,87.0,77.0,90.0,69.0,64.0,70.0,59.0,87.0,58.0,64.0,78.0,89.0,76.0,86.0,60.0,64.0,51.0,10.0,8.0,12.0,15.0,6.0,€156.2M
31,190460,C. Eriksen,26,https://cdn.sofifa.org/players/4/19/190460.png,Denmark,https://cdn.sofifa.org/flags/13.png,88,91,Tottenham Hotspur,https://cdn.sofifa.org/teams/2/light/18.png,€73.5M,€205K,2117,Right,3.0,5.0,4.0,High/ Medium,Lean,Yes,CAM,10.0,"Aug 30, 2013",,2020,5'11,168lbs,79+3,79+3,79+3,84+3,84+3,84+3,84+3,84+3,86+3,86+3,86+3,85+3,85+3,85+3,85+3,85+3,71+3,71+3,71+3,71+3,71+3,66+3,57+3,57+3,57+3,66+3,88.0,80.0,52.0,91.0,77.0,84.0,86.0,87.0,88.0,91.0,75.0,73.0,79.0,88.0,81.0,84.0,50.0,92.0,58.0,89.0,46.0,56.0,83.0,91.0,67.0,88.0,59.0,57.0,22.0,9.0,14.0,7.0,7.0,6.0,€141.5M
32,189242,Coutinho,26,https://cdn.sofifa.org/players/4/19/189242.png,Brazil,https://cdn.sofifa.org/flags/54.png,88,89,FC Barcelona,https://cdn.sofifa.org/teams/2/light/241.png,€69.5M,€340K,2175,Right,3.0,4.0,5.0,High/ High,Normal,Yes,LW,7.0,"Jan 6, 2018",,2023,5'8,150lbs,79+3,79+3,79+3,86+3,85+3,85+3,85+3,86+3,87+3,87+3,87+3,85+3,83+3,83+3,83+3,85+3,71+3,70+3,70+3,70+3,71+3,67+3,58+3,58+3,58+3,67+3,79.0,79.0,48.0,88.0,75.0,91.0,91.0,86.0,83.0,92.0,89.0,75.0,92.0,83.0,93.0,83.0,59.0,79.0,61.0,93.0,59.0,49.0,84.0,90.0,70.0,85.0,55.0,54.0,47.0,12.0,7.0,9.0,14.0,6.0,€147.7M
33,188567,P. Aubameyang,29,https://cdn.sofifa.org/players/4/19/188567.png,Gabon,https://cdn.sofifa.org/flags/115.png,88,88,Arsenal,https://cdn.sofifa.org/teams/2/light/1.png,€59M,€265K,2069,Right,3.0,4.0,4.0,Medium/ Low,Lean,Yes,LM,14.0,"Jan 31, 2018",,2021,6'2,176lbs,84+3,84+3,84+3,83+3,83+3,83+3,83+3,83+3,81+3,81+3,81+3,81+3,73+3,73+3,73+3,81+3,64+3,58+3,58+3,58+3,64+3,61+3,52+3,52+3,52+3,61+3,77.0,88.0,79.0,77.0,86.0,79.0,80.0,74.0,64.0,82.0,93.0,95.0,76.0,87.0,70.0,82.0,79.0,76.0,76.0,79.0,43.0,48.0,90.0,77.0,76.0,86.0,27.0,25.0,36.0,6.0,9.0,15.0,9.0,9.0,€112.1M
34,178603,M. Hummels,29,https://cdn.sofifa.org/players/4/19/178603.png,Germany,https://cdn.sofifa.org/flags/21.png,88,88,FC Bayern München,https://cdn.sofifa.org/teams/2/light/21.png,€46M,€160K,2038,Right,4.0,3.0,3.0,High/ Medium,Normal,Yes,LCB,5.0,"Jul 1, 2016",,2021,6'3,203lbs,69+3,69+3,69+3,68+3,69+3,69+3,69+3,68+3,71+3,71+3,71+3,70+3,77+3,77+3,77+3,70+3,78+3,83+3,83+3,83+3,78+3,80+3,85+3,85+3,85+3,80+3,64.0,55.0,87.0,81.0,60.0,68.0,65.0,53.0,85.0,81.0,53.0,64.0,63.0,87.0,60.0,71.0,68.0,66.0,84.0,51.0,69.0,92.0,56.0,79.0,68.0,91.0,88.0,90.0,88.0,15.0,6.0,10.0,5.0,6.0,€75.9M
35,176676,Marcelo,30,https://cdn.sofifa.org/players/4/19/176676.png,Brazil,https://cdn.sofifa.org/flags/54.png,88,88,Real Madrid,https://cdn.sofifa.org/teams/2/light/243.png,€43M,€285K,2279,Left,4.0,4.0,5.0,High/ Low,Normal,Yes,LB,12.0,"Jan 1, 2007",,2022,5'9,176lbs,80+3,80+3,80+3,84+3,83+3,83+3,83+3,84+3,84+3,84+3,84+3,85+3,84+3,84+3,84+3,85+3,85+3,83+3,83+3,83+3,85+3,84+3,81+3,81+3,81+3,84+3,90.0,70.0,75.0,84.0,54.0,90.0,85.0,67.0,76.0,92.0,83.0,82.0,86.0,88.0,86.0,83.0,76.0,91.0,78.0,70.0,84.0,85.0,85.0,82.0,59.0,86.0,71.0,85.0,86.0,12.0,5.0,5.0,5.0,9.0,€88.2M
36,173731,G. Bale,28,https://cdn.sofifa.org/players/4/19/173731.png,Wales,https://cdn.sofifa.org/flags/50.png,88,88,Real Madrid,https://cdn.sofifa.org/teams/2/light/243.png,€60M,€355K,2279,Left,4.0,3.0,4.0,High/ Medium,Lean,Yes,ST,11.0,"Sep 2, 2013",,2022,6'1,181lbs,86+3,86+3,86+3,86+3,86+3,86+3,86+3,86+3,85+3,85+3,85+3,85+3,80+3,80+3,80+3,85+3,73+3,70+3,70+3,70+3,73+3,71+3,67+3,67+3,67+3,71+3,87.0,86.0,84.0,85.0,85.0,87.0,90.0,87.0,80.0,85.0,94.0,95.0,82.0,85.0,65.0,92.0,87.0,75.0,80.0,91.0,65.0,59.0,85.0,79.0,76.0,86.0,54.0,55.0,52.0,15.0,15.0,11.0,5.0,6.0,€123M
37,167948,H. Lloris,31,https://cdn.sofifa.org/players/4/19/167948.png,France,https://cdn.sofifa.org/flags/18.png,88,88,Tottenham Hotspur,https://cdn.sofifa.org/teams/2/light/18.png,€36M,€150K,1335,Left,4.0,1.0,1.0,Medium/ Medium,Lean,Yes,GK,1.0,"Aug 1, 2012",,2022,6'2,181lbs,,,,,,,,,,,,,,,,,,,,,,,,,,,13.0,10.0,10.0,50.0,11.0,10.0,11.0,10.0,50.0,34.0,65.0,62.0,55.0,85.0,54.0,23.0,74.0,41.0,43.0,14.0,31.0,27.0,10.0,30.0,40.0,65.0,29.0,10.0,18.0,88.0,84.0,68.0,83.0,92.0,€66.6M
38,167664,G. Higuaín,30,https://cdn.sofifa.org/players/4/19/167664.png,Argentina,https://cdn.sofifa.org/flags/52.png,88,88,Milan,https://cdn.sofifa.org/teams/2/light/47.png,€57M,€245K,1965,Right,4.0,4.0,3.0,High/ Medium,Normal,Yes,LS,9.0,,Juventus,"Jun 30, 2019",6'1,196lbs,85+3,85+3,85+3,81+3,83+3,83+3,83+3,81+3,80+3,80+3,80+3,78+3,71+3,71+3,71+3,78+3,55+3,53+3,53+3,53+3,55+3,51+3,48+3,48+3,48+3,51+3,68.0,92.0,80.0,75.0,90.0,84.0,74.0,62.0,59.0,85.0,73.0,73.0,75.0,86.0,69.0,86.0,79.0,70.0,85.0,80.0,50.0,20.0,92.0,74.0,70.0,86.0,35.0,22.0,18.0,5.0,12.0,7.0,5.0,10.0,
39,164240,Thiago Silva,33,https://cdn.sofifa.org/players/4/19/164240.png,Brazil,https://cdn.sofifa.org/flags/54.png,88,88,Paris Saint-Germain,https://cdn.sofifa.org/teams/2/light/73.png,€24M,€165K,2077,Right,4.0,3.0,2.0,Medium/ High,Normal,Yes,RCB,2.0,"Jul 1, 2012",,2020,6'0,181lbs,66+3,66+3,66+3,66+3,67+3,67+3,67+3,66+3,70+3,70+3,70+3,69+3,75+3,75+3,75+3,69+3,78+3,82+3,82+3,82+3,78+3,80+3,84+3,84+3,84+3,80+3,60.0,38.0,81.0,80.0,63.0,62.0,61.0,64.0,80.0,80.0,70.0,72.0,68.0,82.0,68.0,71.0,90.0,74.0,82.0,68.0,76.0,89.0,59.0,72.0,60.0,81.0,88.0,89.0,85.0,9.0,12.0,5.0,9.0,10.0,€44.4M
40,162835,S. Handanovič,33,https://cdn.sofifa.org/players/4/19/162835.png,Slovenia,https://cdn.sofifa.org/flags/44.png,88,88,Inter,https://cdn.sofifa.org/teams/2/light/44.png,€30M,€110K,1262,Right,3.0,2.0,1.0,Medium/ Medium,Normal,Yes,GK,1.0,"Jul 1, 2012",,2021,6'4,203lbs,,,,,,,,,,,,,,,,,,,,,,,,,,,12.0,10.0,10.0,36.0,12.0,12.0,12.0,14.0,34.0,16.0,51.0,55.0,47.0,83.0,36.0,22.0,78.0,41.0,71.0,19.0,25.0,22.0,12.0,41.0,23.0,69.0,25.0,10.0,13.0,87.0,86.0,69.0,89.0,89.0,€51M
41,1179,G. Buffon,40,https://cdn.sofifa.org/players/4/19/1179.png,Italy,https://cdn.sofifa.org/flags/27.png,88,88,Paris Saint-Germain,https://cdn.sofifa.org/teams/2/light/73.png,€4M,€77K,1334,Right,4.0,2.0,1.0,Medium/ Medium,Normal,Yes,GK,1.0,"Jul 6, 2018",,2019,6'4,203lbs,,,,,,,,,,,,,,,,,,,,,,,,,,,13.0,15.0,13.0,37.0,17.0,26.0,20.0,13.0,35.0,28.0,49.0,43.0,55.0,79.0,49.0,39.0,75.0,39.0,69.0,13.0,38.0,28.0,12.0,50.0,22.0,70.0,13.0,11.0,11.0,88.0,87.0,74.0,90.0,83.0,€7.4M
42,205600,S. Umtiti,24,https://cdn.sofifa.org/players/4/19/205600.png,France,https://cdn.sofifa.org/flags/18.png,87,92,FC Barcelona,https://cdn.sofifa.org/teams/2/light/241.png,€57M,€205K,2147,Left,3.0,3.0,2.0,Medium/ High,Normal,Yes,CB,23.0,"Jul 12, 2016",,2023,6'0,165lbs,70+3,70+3,70+3,69+3,69+3,69+3,69+3,69+3,69+3,69+3,69+3,70+3,73+3,73+3,73+3,70+3,80+3,81+3,81+3,81+3,80+3,81+3,84+3,84+3,84+3,81+3,69.0,51.0,79.0,81.0,70.0,69.0,72.0,62.0,73.0,77.0,71.0,73.0,68.0,82.0,66.0,83.0,89.0,78.0,84.0,74.0,81.0,87.0,58.0,58.0,61.0,82.0,90.0,89.0,86.0,15.0,10.0,14.0,12.0,15.0,€121.1M
43,201399,M. Icardi,25,https://cdn.sofifa.org/players/4/19/201399.png,Argentina,https://cdn.sofifa.org/flags/52.png,87,90,Inter,https://cdn.sofifa.org/teams/2/light/44.png,€64.5M,€130K,1940,Right,3.0,4.0,3.0,Medium/ Low,Normal,Yes,ST,9.0,"Jul 9, 2013",,2021,5'11,165lbs,84+3,84+3,84+3,76+3,81+3,81+3,81+3,76+3,76+3,76+3,76+3,74+3,68+3,68+3,68+3,74+3,54+3,53+3,53+3,53+3,54+3,52+3,51+3,51+3,51+3,52+3,46.0,91.0,91.0,73.0,85.0,77.0,58.0,45.0,54.0,81.0,77.0,78.0,76.0,88.0,76.0,84.0,94.0,72.0,76.0,70.0,56.0,22.0,92.0,64.0,82.0,85.0,45.0,24.0,20.0,13.0,9.0,5.0,7.0,9.0,€114.5M
44,201024,K. Koulibaly,27,https://cdn.sofifa.org/players/4/19/201024.png,Senegal,https://cdn.sofifa.org/flags/136.png,87,90,Napoli,https://cdn.sofifa.org/teams/2/light/48.png,€51M,€115K,1660,Right,3.0,3.0,2.0,High/ High,Normal,Yes,LCB,26.0,"Jul 1, 2014",,2021,6'2,196lbs,52+3,52+3,52+3,51+3,52+3,52+3,52+3,51+3,52+3,52+3,52+3,55+3,58+3,58+3,58+3,55+3,71+3,75+3,75+3,75+3,71+3,75+3,84+3,84+3,84+3,75+3,30.0,19.0,81.0,66.0,14.0,66.0,28.0,28.0,56.0,60.0,68.0,75.0,50.0,80.0,40.0,55.0,81.0,71.0,94.0,15.0,87.0,88.0,24.0,43.0,33.0,78.0,91.0,88.0,86.0,7.0,11.0,7.0,13.0,5.0,€90.5M
45,195864,P. Pogba,25,https://cdn.sofifa.org/players/4/19/195864.png,France,https://cdn.sofifa.org/flags/18.png,87,91,Manchester United,https://cdn.sofifa.org/teams/2/light/11.png,€64M,€210K,2247,Right,4.0,4.0,5.0,High/ Low,Normal,Yes,RDM,6.0,"Aug 9, 2016",,2021,6'4,185lbs,81+3,81+3,81+3,82+3,82+3,82+3,82+3,82+3,83+3,83+3,83+3,83+3,84+3,84+3,84+3,83+3,77+3,78+3,78+3,78+3,77+3,75+3,74+3,74+3,74+3,75+3,80.0,73.0,73.0,86.0,85.0,87.0,84.0,82.0,90.0,90.0,71.0,79.0,74.0,81.0,64.0,90.0,83.0,88.0,89.0,81.0,78.0,66.0,81.0,87.0,81.0,87.0,66.0,70.0,68.0,5.0,6.0,2.0,4.0,3.0,€123.2M
46,193041,K. Navas,31,https://cdn.sofifa.org/players/4/19/193041.png,Costa Rica,https://cdn.sofifa.org/flags/72.png,87,87,Real Madrid,https://cdn.sofifa.org/teams/2/light/243.png,€30.5M,€195K,1345,Right,3.0,3.0,1.0,Medium/ Medium,Normal,Yes,GK,1.0,"Aug 3, 2014",,2020,6'1,176lbs,,,,,,,,,,,,,,,,,,,,,,,,,,,11.0,15.0,11.0,30.0,11.0,16.0,11.0,15.0,37.0,19.0,54.0,53.0,60.0,84.0,61.0,21.0,74.0,39.0,75.0,13.0,32.0,20.0,16.0,68.0,25.0,67.0,28.0,14.0,14.0,90.0,81.0,75.0,82.0,90.0,€62.5M
47,192505,R. Lukaku,25,https://cdn.sofifa.org/players/4/19/192505.png,Belgium,https://cdn.sofifa.org/flags/7.png,87,89,Manchester United,https://cdn.sofifa.org/teams/2/light/11.png,€62.5M,€230K,2031,Left,3.0,3.0,3.0,Medium/ Medium,Stocky,Yes,ST,9.0,"Jul 10, 2017",,2022,6'3,207lbs,84+3,84+3,84+3,79+3,81+3,81+3,81+3,79+3,78+3,78+3,78+3,79+3,72+3,72+3,72+3,79+3,60+3,58+3,58+3,58+3,60+3,57+3,54+3,54+3,54+3,57+3,78.0,87.0,86.0,77.0,79.0,80.0,74.0,66.0,73.0,72.0,77.0,90.0,60.0,86.0,46.0,88.0,71.0,84.0,94.0,74.0,75.0,27.0,89.0,76.0,78.0,83.0,30.0,30.0,30.0,8.0,15.0,14.0,7.0,10.0,€120.3M
48,192387,C. Immobile,28,https://cdn.sofifa.org/players/4/19/192387.png,Italy,https://cdn.sofifa.org/flags/27.png,87,87,Lazio,https://cdn.sofifa.org/teams/2/light/46.png,€52M,€115K,2009,Right,3.0,4.0,3.0,High/ Medium,Normal,Yes,ST,17.0,"Jul 27, 2016",,2023,6'1,187lbs,84+3,84+3,84+3,79+3,82+3,82+3,82+3,79+3,78+3,78+3,78+3,77+3,70+3,70+3,70+3,77+3,60+3,58+3,58+3,58+3,60+3,58+3,55+3,55+3,55+3,58+3,55.0,90.0,81.0,74.0,87.0,83.0,70.0,51.0,49.0,83.0,78.0,85.0,77.0,87.0,63.0,86.0,77.0,80.0,76.0,80.0,77.0,40.0,91.0,65.0,78.0,81.0,34.0,33.0,32.0,6.0,8.0,15.0,12.0,6.0,€88.4M
49,189332,Jordi Alba,29,https://cdn.sofifa.org/players/4/19/189332.png,Spain,https://cdn.sofifa.org/flags/45.png,87,87,FC Barcelona,https://cdn.sofifa.org/teams/2/light/241.png,€38M,€250K,2230,Left,3.0,3.0,3.0,High/ Medium,Normal,Yes,LB,18.0,"Jul 1, 2012",,2020,5'7,150lbs,76+3,76+3,76+3,81+3,79+3,79+3,79+3,81+3,79+3,79+3,79+3,82+3,79+3,79+3,79+3,82+3,84+3,80+3,80+3,80+3,84+3,84+3,78+3,78+3,78+3,84+3,87.0,73.0,70.0,84.0,60.0,80.0,80.0,63.0,74.0,84.0,93.0,93.0,90.0,83.0,85.0,64.0,81.0,91.0,61.0,66.0,75.0,84.0,79.0,70.0,59.0,79.0,72.0,84.0,85.0,13.0,15.0,13.0,6.0,13.0,€77.9M
50,175943,D. Mertens,31,https://cdn.sofifa.org/players/4/19/175943.png,Belgium,https://cdn.sofifa.org/flags/7.png,87,87,Napoli,https://cdn.sofifa.org/teams/2/light/48.png,€45M,€135K,2043,Right,3.0,4.0,4.0,High/ Low,Normal,Yes,RF,14.0,"Jul 1, 2013",,2020,5'7,134lbs,78+3,78+3,78+3,86+3,85+3,85+3,85+3,86+3,86+3,86+3,86+3,85+3,78+3,78+3,78+3,85+3,65+3,60+3,60+3,60+3,65+3,60+3,46+3,46+3,46+3,60+3,77.0,86.0,35.0,82.0,70.0,91.0,82.0,79.0,74.0,89.0,93.0,85.0,94.0,88.0,92.0,80.0,60.0,75.0,42.0,81.0,59.0,36.0,87.0,83.0,79.0,81.0,25.0,40.0,40.0,7.0,10.0,8.0,10.0,4.0,€76.5M
51,172871,J. Vertonghen,31,https://cdn.sofifa.org/players/4/19/172871.png,Belgium,https://cdn.sofifa.org/flags/7.png,87,87,Tottenham Hotspur,https://cdn.sofifa.org/teams/2/light/18.png,€34M,€155K,2079,Left,3.0,3.0,3.0,High/ High,Normal,Yes,LCB,5.0,"Jul 1, 2012",,2019,6'2,190lbs,69+3,69+3,69+3,68+3,69+3,69+3,69+3,68+3,70+3,70+3,70+3,70+3,74+3,74+3,74+3,70+3,79+3,81+3,81+3,81+3,79+3,80+3,84+3,84+3,84+3,80+3,68.0,56.0,80.0,79.0,52.0,71.0,58.0,73.0,74.0,76.0,61.0,65.0,61.0,84.0,60.0,80.0,85.0,75.0,79.0,66.0,84.0,89.0,60.0,68.0,66.0,83.0,90.0,87.0,88.0,6.0,10.0,9.0,12.0,7.0,€62.9M
52,171877,M. Hamšík,30,https://cdn.sofifa.org/players/4/19/171877.png,Slovakia,https://cdn.sofifa.org/flags/43.png,87,87,Napoli,https://cdn.sofifa.org/teams/2/light/48.png,€46.5M,€125K,2188,Right,3.0,5.0,3.0,High/ Medium,Normal,Yes,LCM,17.0,"Jul 1, 2007",,2020,6'0,174lbs,81+3,81+3,81+3,82+3,83+3,83+3,83+3,82+3,84+3,84+3,84+3,82+3,84+3,84+3,84+3,82+3,77+3,78+3,78+3,78+3,77+3,75+3,72+3,72+3,72+3,75+3,78.0,79.0,74.0,88.0,79.0,86.0,80.0,72.0,83.0,87.0,69.0,68.0,76.0,88.0,66.0,82.0,71.0,84.0,67.0,83.0,56.0,72.0,88.0,86.0,70.0,84.0,75.0,73.0,62.0,8.0,6.0,4.0,14.0,14.0,€79.1M
53,168651,I. Rakitić,30,https://cdn.sofifa.org/players/4/19/168651.png,Croatia,https://cdn.sofifa.org/flags/10.png,87,87,FC Barcelona,https://cdn.sofifa.org/teams/2/light/241.png,€46.5M,€260K,2184,Right,4.0,3.0,3.0,High/ High,Normal,Yes,RCM,4.0,"Jul 1, 2014",,2021,6'0,172lbs,77+3,77+3,77+3,80+3,81+3,81+3,81+3,80+3,82+3,82+3,82+3,81+3,84+3,84+3,84+3,81+3,77+3,79+3,79+3,79+3,77+3,75+3,70+3,70+3,70+3,75+3,84.0,83.0,58.0,87.0,80.0,84.0,88.0,84.0,90.0,87.0,66.0,59.0,72.0,77.0,66.0,84.0,39.0,84.0,66.0,90.0,67.0,75.0,79.0,86.0,82.0,81.0,72.0,74.0,70.0,14.0,11.0,12.0,5.0,9.0,€95.3M
54,152729,Piqué,31,https://cdn.sofifa.org/players/4/19/152729.png,Spain,https://cdn.sofifa.org/flags/45.png,87,87,FC Barcelona,https://cdn.sofifa.org/teams/2/light/241.png,€34M,€240K,1950,Right,4.0,3.0,2.0,High/ Medium,Normal,Yes,RCB,3.0,"Jul 1, 2008",,2022,6'4,187lbs,68+3,68+3,68+3,64+3,66+3,66+3,66+3,64+3,67+3,67+3,67+3,66+3,73+3,73+3,73+3,66+3,75+3,81+3,81+3,81+3,75+3,77+3,83+3,83+3,83+3,77+3,57.0,64.0,83.0,81.0,57.0,59.0,58.0,43.0,80.0,78.0,49.0,60.0,58.0,84.0,36.0,62.0,74.0,65.0,83.0,51.0,72.0,88.0,58.0,62.0,69.0,86.0,91.0,86.0,84.0,10.0,11.0,14.0,15.0,8.0,€69.7M
55,222492,L. Sané,22,https://cdn.sofifa.org/players/4/19/222492.png,Germany,https://cdn.sofifa.org/flags/21.png,86,92,Manchester City,https://cdn.sofifa.org/teams/2/light/10.png,€61M,€195K,2090,Left,2.0,3.0,4.0,High/ Medium,Lean,Yes,LW,19.0,"Aug 2, 2016",,2021,6'0,165lbs,82+2,82+2,82+2,84+2,84+2,84+2,84+2,84+2,82+2,82+2,82+2,83+2,74+2,74+2,74+2,83+2,65+2,59+2,59+2,59+2,65+2,61+2,52+2,52+2,52+2,61+2,83.0,81.0,72.0,79.0,85.0,88.0,82.0,68.0,64.0,85.0,93.0,96.0,88.0,81.0,81.0,86.0,64.0,79.0,70.0,78.0,61.0,34.0,84.0,82.0,71.0,78.0,36.0,32.0,35.0,8.0,12.0,9.0,9.0,14.0,€125.1M
56,218667,Bernardo Silva,23,https://cdn.sofifa.org/players/4/19/218667.png,Portugal,https://cdn.sofifa.org/flags/38.png,86,91,Manchester City,https://cdn.sofifa.org/teams/2/light/10.png,€59.5M,€180K,2039,Left,2.0,3.0,4.0,High/ Medium,Lean,Yes,RW,11.0,"Jul 1, 2017",,2022,5'8,141lbs,75+2,75+2,75+2,84+2,82+2,82+2,82+2,84+2,84+2,84+2,84+2,84+2,80+2,80+2,80+2,84+2,68+2,65+2,65+2,65+2,68+2,63+2,53+2,53+2,53+2,63+2,85.0,75.0,51.0,85.0,69.0,92.0,83.0,67.0,79.0,91.0,84.0,74.0,90.0,82.0,88.0,70.0,50.0,78.0,48.0,72.0,58.0,49.0,83.0,86.0,68.0,85.0,49.0,44.0,35.0,9.0,10.0,14.0,12.0,9.0,€114.5M
57,210257,Ederson,24,https://cdn.sofifa.org/players/4/19/210257.png,Brazil,https://cdn.sofifa.org/flags/54.png,86,90,Manchester City,https://cdn.sofifa.org/teams/2/light/10.png,€41.5M,€125K,1463,Left,2.0,3.0,1.0,Medium/ Medium,Normal,Yes,GK,31.0,"Jul 1, 2017",,2025,6'2,190lbs,,,,,,,,,,,,,,,,,,,,,,,,,,,20.0,14.0,14.0,56.0,18.0,23.0,15.0,20.0,58.0,37.0,64.0,63.0,60.0,86.0,48.0,42.0,58.0,41.0,68.0,18.0,35.0,25.0,20.0,67.0,17.0,70.0,28.0,15.0,8.0,85.0,80.0,91.0,82.0,87.0,€79.9M
58,208722,S. Mané,26,https://cdn.sofifa.org/players/4/19/208722.png,Senegal,https://cdn.sofifa.org/flags/136.png,86,87,Liverpool,https://cdn.sofifa.org/teams/2/light/9.png,€52M,€195K,2110,Right,3.0,4.0,4.0,High/ Medium,Lean,Yes,LM,10.0,"Jul 1, 2016",,2023,5'9,152lbs,81+3,81+3,81+3,84+3,84+3,84+3,84+3,84+3,83+3,83+3,83+3,83+3,77+3,77+3,77+3,83+3,66+3,63+3,63+3,63+3,66+3,62+3,55+3,55+3,55+3,62+3,73.0,84.0,62.0,79.0,71.0,87.0,74.0,64.0,71.0,86.0,95.0,93.0,91.0,86.0,86.0,82.0,75.0,84.0,67.0,74.0,73.0,35.0,87.0,82.0,71.0,80.0,42.0,42.0,38.0,10.0,10.0,15.0,7.0,14.0,€102.7M
59,203376,V. van Dijk,26,https://cdn.sofifa.org/players/4/19/203376.png,Netherlands,https://cdn.sofifa.org/flags/34.png,86,88,Liverpool,https://cdn.sofifa.org/teams/2/light/9.png,€44.5M,€165K,2046,Right,3.0,3.0,2.0,Medium/ Medium,Normal,Yes,LCB,4.0,"Jan 1, 2018",,2023,6'4,203lbs,68+3,68+3,68+3,65+3,66+3,66+3,66+3,65+3,67+3,67+3,67+3,67+3,71+3,71+3,71+3,67+3,76+3,80+3,80+3,80+3,76+3,78+3,85+3,85+3,85+3,78+3,53.0,52.0,82.0,76.0,45.0,70.0,60.0,70.0,78.0,73.0,74.0,77.0,61.0,85.0,49.0,81.0,85.0,71.0,92.0,64.0,81.0,86.0,41.0,59.0,62.0,83.0,88.0,89.0,84.0,13.0,10.0,13.0,11.0,11.0,€87.9M
60,202652,R. Sterling,23,https://cdn.sofifa.org/players/4/19/202652.png,England,https://cdn.sofifa.org/flags/14.png,86,89,Manchester City,https://cdn.sofifa.org/teams/2/light/10.png,€56.5M,€195K,2036,Right,3.0,3.0,4.0,High/ Medium,Lean,Yes,RW,10.0,"Jul 14, 2015",,2023,5'7,152lbs,76+3,76+3,76+3,84+3,83+3,83+3,83+3,84+3,83+3,83+3,83+3,84+3,77+3,77+3,77+3,84+3,69+3,63+3,63+3,63+3,69+3,66+3,52+3,52+3,52+3,66+3,77.0,77.0,38.0,84.0,67.0,88.0,70.0,63.0,69.0,87.0,95.0,92.0,93.0,87.0,93.0,73.0,57.0,78.0,52.0,73.0,38.0,30.0,87.0,77.0,69.0,77.0,47.0,58.0,54.0,15.0,12.0,12.0,15.0,9.0,€108.8M
61,201942,Roberto Firmino,26,https://cdn.sofifa.org/players/4/19/201942.png,Brazil,https://cdn.sofifa.org/flags/54.png,86,87,Liverpool,https://cdn.sofifa.org/teams/2/light/9.png,€53M,€195K,2187,Right,3.0,4.0,4.0,High/ High,Lean,Yes,CAM,9.0,"Jul 6, 2015",,2023,5'11,168lbs,83+3,83+3,83+3,83+3,84+3,84+3,84+3,83+3,84+3,84+3,84+3,83+3,82+3,82+3,82+3,83+3,72+3,73+3,73+3,73+3,72+3,69+3,67+3,67+3,67+3,69+3,72.0,87.0,77.0,86.0,81.0,87.0,80.0,65.0,75.0,88.0,78.0,77.0,80.0,86.0,81.0,81.0,81.0,90.0,74.0,76.0,73.0,58.0,87.0,85.0,72.0,87.0,60.0,64.0,42.0,8.0,11.0,9.0,6.0,10.0,€104.7M
62,201535,R. Varane,25,https://cdn.sofifa.org/players/4/19/201535.png,France,https://cdn.sofifa.org/flags/18.png,86,91,Real Madrid,https://cdn.sofifa.org/teams/2/light/243.png,€50M,€210K,1895,Right,3.0,3.0,2.0,Medium/ High,Lean,Yes,RCB,4.0,"Jul 1, 2011",,2022,6'3,179lbs,62+3,62+3,62+3,61+3,63+3,63+3,63+3,61+3,64+3,64+3,64+3,64+3,69+3,69+3,69+3,64+3,75+3,79+3,79+3,79+3,75+3,78+3,83+3,83+3,83+3,78+3,36.0,40.0,83.0,75.0,42.0,57.0,46.0,54.0,76.0,77.0,83.0,85.0,63.0,83.0,40.0,52.0,79.0,73.0,84.0,53.0,77.0,82.0,44.0,56.0,43.0,82.0,87.0,88.0,87.0,11.0,11.0,9.0,5.0,14.0,€106.3M
63,199556,M. Verratti,25,https://cdn.sofifa.org/players/4/19/199556.png,Italy,https://cdn.sofifa.org/flags/27.png,86,89,Paris Saint-Germain,https://cdn.sofifa.org/teams/2/light/73.png,€55M,€135K,2149,Right,3.0,4.0,4.0,Medium/ High,Normal,Yes,LCM,6.0,"Jul 18, 2012",,2021,5'5,132lbs,69+3,69+3,69+3,78+3,77+3,77+3,77+3,78+3,81+3,81+3,81+3,80+3,84+3,84+3,84+3,80+3,80+3,83+3,83+3,83+3,80+3,78+3,76+3,76+3,76+3,78+3,72.0,60.0,55.0,90.0,64.0,90.0,73.0,64.0,89.0,88.0,69.0,62.0,87.0,85.0,94.0,56.0,64.0,77.0,52.0,58.0,89.0,84.0,71.0,87.0,64.0,93.0,78.0,83.0,80.0,12.0,12.0,15.0,15.0,10.0,€105.9M
64,191043,Alex Sandro,27,https://cdn.sofifa.org/players/4/19/191043.png,Brazil,https://cdn.sofifa.org/flags/54.png,86,86,Juventus,https://cdn.sofifa.org/teams/2/light/45.png,€36.5M,€160K,2198,Left,3.0,3.0,3.0,High/ High,Normal,Yes,LB,12.0,"Aug 21, 2015",,2020,5'11,176lbs,74+3,74+3,74+3,77+3,75+3,75+3,75+3,77+3,76+3,76+3,76+3,78+3,77+3,77+3,77+3,78+3,83+3,81+3,81+3,81+3,83+3,83+3,81+3,81+3,81+3,83+3,84.0,55.0,76.0,81.0,68.0,80.0,78.0,59.0,71.0,81.0,83.0,86.0,79.0,84.0,78.0,80.0,79.0,92.0,79.0,72.0,82.0,82.0,70.0,70.0,60.0,82.0,81.0,84.0,84.0,7.0,7.0,9.0,12.0,5.0,€60.2M
65,190483,Douglas Costa,27,https://cdn.sofifa.org/players/4/19/190483.png,Brazil,https://cdn.sofifa.org/flags/54.png,86,86,Juventus,https://cdn.sofifa.org/teams/2/light/45.png,€46.5M,€175K,2111,Left,3.0,3.0,5.0,High/ Medium,Normal,Yes,LM,11.0,"Jul 1, 2018",,2022,5'8,154lbs,77+3,77+3,77+3,85+3,83+3,83+3,83+3,85+3,84+3,84+3,84+3,84+3,78+3,78+3,78+3,84+3,69+3,63+3,63+3,63+3,69+3,64+3,53+3,53+3,53+3,64+3,84.0,67.0,50.0,84.0,76.0,92.0,84.0,78.0,68.0,91.0,97.0,93.0,93.0,84.0,91.0,86.0,61.0,78.0,63.0,80.0,55.0,48.0,76.0,84.0,77.0,84.0,45.0,38.0,34.0,13.0,15.0,9.0,12.0,5.0,€76.7M
66,189596,T. Müller,28,https://cdn.sofifa.org/players/4/19/189596.png,Germany,https://cdn.sofifa.org/flags/21.png,86,86,FC Bayern München,https://cdn.sofifa.org/teams/2/light/21.png,€45M,€135K,2097,Right,4.0,4.0,3.0,High/ High,Lean,Yes,CAM,13.0,"Aug 10, 2008",,2021,6'1,165lbs,82+3,82+3,82+3,81+3,82+3,82+3,82+3,81+3,82+3,82+3,82+3,81+3,79+3,79+3,79+3,81+3,68+3,66+3,66+3,66+3,68+3,66+3,59+3,59+3,59+3,66+3,79.0,87.0,82.0,83.0,84.0,75.0,81.0,59.0,72.0,82.0,73.0,75.0,75.0,91.0,72.0,78.0,81.0,87.0,68.0,80.0,57.0,58.0,92.0,85.0,60.0,83.0,44.0,41.0,44.0,6.0,7.0,11.0,14.0,14.0,€74.3M
67,189509,Thiago,27,https://cdn.sofifa.org/players/4/19/189509.png,Spain,https://cdn.sofifa.org/flags/45.png,86,86,FC Bayern München,https://cdn.sofifa.org/teams/2/light/21.png,€45.5M,€130K,2190,Right,3.0,3.0,5.0,Medium/ Medium,Normal,Yes,CM,19.0,"Jul 14, 2013",,2021,5'9,154lbs,75+3,75+3,75+3,82+3,81+3,81+3,81+3,82+3,84+3,84+3,84+3,82+3,84+3,84+3,84+3,82+3,76+3,77+3,77+3,77+3,76+3,73+3,67+3,67+3,67+3,73+3,72.0,69.0,54.0,90.0,90.0,90.0,85.0,77.0,87.0,90.0,78.0,69.0,90.0,84.0,86.0,75.0,75.0,75.0,59.0,79.0,57.0,78.0,79.0,86.0,75.0,85.0,67.0,63.0,65.0,6.0,11.0,7.0,9.0,13.0,€75.1M
68,188350,M. Reus,29,https://cdn.sofifa.org/players/4/19/188350.png,Germany,https://cdn.sofifa.org/flags/21.png,86,86,Borussia Dortmund,https://cdn.sofifa.org/teams/2/light/22.png,€43.5M,€100K,2172,Right,4.0,4.0,4.0,High/ Medium,Lean,Yes,LM,11.0,"Jul 1, 2012",,2023,5'11,157lbs,82+3,82+3,82+3,85+3,85+3,85+3,85+3,85+3,85+3,85+3,85+3,84+3,79+3,79+3,79+3,84+3,68+3,64+3,64+3,64+3,68+3,64+3,54+3,54+3,54+3,64+3,79.0,87.0,49.0,86.0,90.0,87.0,89.0,84.0,75.0,86.0,86.0,85.0,86.0,87.0,81.0,88.0,70.0,73.0,67.0,86.0,49.0,50.0,88.0,86.0,89.0,84.0,47.0,36.0,45.0,12.0,12.0,13.0,13.0,11.0,€74M
69,184432,Azpilicueta,28,https://cdn.sofifa.org/players/4/19/184432.png,Spain,https://cdn.sofifa.org/flags/45.png,86,86,Chelsea,https://cdn.sofifa.org/teams/2/light/5.png,€35M,€175K,2114,Right,3.0,3.0,2.0,Medium/ Medium,Normal,Yes,RB,14.0,"Aug 24, 2012",,2022,5'10,168lbs,67+3,67+3,67+3,71+3,70+3,70+3,70+3,71+3,72+3,72+3,72+3,74+3,77+3,77+3,77+3,74+3,83+3,83+3,83+3,83+3,83+3,84+3,83+3,83+3,83+3,84+3,81.0,46.0,76.0,81.0,51.0,69.0,68.0,58.0,80.0,77.0,76.0,76.0,72.0,88.0,73.0,68.0,76.0,87.0,71.0,60.0,82.0,89.0,62.0,74.0,66.0,78.0,88.0,90.0,86.0,13.0,9.0,10.0,6.0,5.0,€64.8M
70,184344,L. Bonucci,31,https://cdn.sofifa.org/players/4/19/184344.png,Italy,https://cdn.sofifa.org/flags/27.png,86,86,Juventus,https://cdn.sofifa.org/teams/2/light/45.png,€30M,€160K,1978,Right,3.0,3.0,2.0,Low/ High,Lean,Yes,RCB,19.0,"Aug 2, 2018",,2023,6'3,187lbs,65+3,65+3,65+3,63+3,65+3,65+3,65+3,63+3,68+3,68+3,68+3,65+3,74+3,74+3,74+3,65+3,74+3,82+3,82+3,82+3,74+3,76+3,84+3,84+3,84+3,76+3,44.0,48.0,86.0,77.0,58.0,69.0,56.0,61.0,85.0,75.0,57.0,65.0,60.0,84.0,52.0,74.0,85.0,71.0,83.0,65.0,82.0,90.0,38.0,74.0,70.0,86.0,90.0,86.0,80.0,2.0,2.0,3.0,2.0,4.0,€49.5M
71,184087,T. Alderweireld,29,https://cdn.sofifa.org/players/4/19/184087.png,Belgium,https://cdn.sofifa.org/flags/7.png,86,87,Tottenham Hotspur,https://cdn.sofifa.org/teams/2/light/18.png,€39M,€150K,2047,Right,3.0,3.0,2.0,Medium/ Medium,Normal,Yes,RCB,2.0,"Jul 8, 2015",,2020,6'1,179lbs,66+3,66+3,66+3,65+3,66+3,66+3,66+3,65+3,68+3,68+3,68+3,68+3,75+3,75+3,75+3,68+3,78+3,82+3,82+3,82+3,78+3,79+3,84+3,84+3,84+3,79+3,64.0,45.0,82.0,79.0,38.0,62.0,63.0,69.0,85.0,74.0,61.0,66.0,60.0,86.0,50.0,78.0,84.0,74.0,79.0,65.0,80.0,87.0,58.0,67.0,58.0,81.0,90.0,91.0,86.0,16.0,6.0,14.0,16.0,14.0,€75.1M
72,180206,M. Pjanić,28,https://cdn.sofifa.org/players/4/19/180206.png,Bosnia Herzegovina,https://cdn.sofifa.org/flags/8.png,86,86,Juventus,https://cdn.sofifa.org/teams/2/light/45.png,€44M,€180K,2182,Right,3.0,4.0,3.0,Medium/ Medium,Normal,Yes,CDM,5.0,"Jul 1, 2016",,2023,5'10,159lbs,72+3,72+3,72+3,79+3,78+3,78+3,78+3,79+3,81+3,81+3,81+3,80+3,83+3,83+3,83+3,80+3,78+3,80+3,80+3,80+3,78+3,76+3,73+3,73+3,73+3,76+3,80.0,60.0,60.0,89.0,72.0,86.0,86.0,92.0,85.0,89.0,66.0,66.0,77.0,84.0,79.0,78.0,61.0,78.0,66.0,82.0,70.0,78.0,70.0,88.0,79.0,86.0,75.0,74.0,70.0,7.0,7.0,13.0,7.0,8.0,€72.6M
73,177509,M. Benatia,31,https://cdn.sofifa.org/players/4/19/177509.png,Morocco,https://cdn.sofifa.org/flags/129.png,86,86,Juventus,https://cdn.sofifa.org/teams/2/light/45.png,€30M,€160K,1803,Right,3.0,3.0,2.0,Medium/ High,Normal,Yes,CB,4.0,"Aug 26, 2014",,2020,6'2,207lbs,61+3,61+3,61+3,57+3,58+3,58+3,58+3,57+3,57+3,57+3,57+3,60+3,62+3,62+3,62+3,60+3,73+3,76+3,76+3,76+3,73+3,75+3,84+3,84+3,84+3,75+3,45.0,47.0,83.0,65.0,44.0,64.0,34.0,27.0,65.0,64.0,65.0,75.0,59.0,82.0,53.0,66.0,85.0,69.0,91.0,24.0,86.0,86.0,38.0,47.0,41.0,82.0,89.0,87.0,85.0,7.0,4.0,8.0,7.0,11.0,€49.5M
74,176635,M. Özil,29,https://cdn.sofifa.org/players/4/19/176635.png,Germany,https://cdn.sofifa.org/flags/21.png,86,86,Arsenal,https://cdn.sofifa.org/teams/2/light/1.png,€43.5M,€190K,1911,Left,4.0,2.0,4.0,Medium/ Low,Lean,Yes,CAM,10.0,"Sep 2, 2013",,2021,5'11,168lbs,75+3,75+3,75+3,82+3,81+3,81+3,81+3,82+3,84+3,84+3,84+3,82+3,78+3,78+3,78+3,82+3,57+3,56+3,56+3,56+3,57+3,52+3,40+3,40+3,40+3,52+3,83.0,73.0,54.0,89.0,80.0,84.0,84.0,77.0,82.0,90.0,72.0,69.0,79.0,84.0,70.0,70.0,48.0,69.0,57.0,75.0,48.0,24.0,83.0,91.0,67.0,82.0,24.0,16.0,19.0,6.0,14.0,10.0,6.0,14.0,€82.7M
75,135507,Fernandinho,33,https://cdn.sofifa.org/players/4/19/135507.png,Brazil,https://cdn.sofifa.org/flags/54.png,86,86,Manchester City,https://cdn.sofifa.org/teams/2/light/10.png,€18M,€185K,2183,Right,3.0,4.0,3.0,Medium/ High,Lean,Yes,CDM,25.0,"Jul 1, 2013",,2020,5'10,148lbs,74+3,74+3,74+3,75+3,76+3,76+3,76+3,75+3,77+3,77+3,77+3,76+3,80+3,80+3,80+3,76+3,79+3,83+3,83+3,83+3,79+3,79+3,81+3,81+3,81+3,79+3,68.0,69.0,63.0,85.0,74.0,77.0,70.0,72.0,81.0,82.0,68.0,67.0,72.0,86.0,78.0,83.0,76.0,79.0,76.0,78.0,87.0,88.0,70.0,75.0,61.0,79.0,85.0,85.0,80.0,12.0,11.0,5.0,13.0,7.0,€33.3M
76,41,Iniesta,34,https://cdn.sofifa.org/players/4/19/41.png,Spain,https://cdn.sofifa.org/flags/45.png,86,86,Vissel Kobe,https://cdn.sofifa.org/teams/2/light/101146.png,€21.5M,€21K,2058,Right,4.0,4.0,4.0,High/ Medium,Normal,Yes,LF,8.0,"Jul 16, 2018",,2021,5'7,150lbs,74+3,74+3,74+3,82+3,81+3,81+3,81+3,82+3,85+3,85+3,85+3,82+3,83+3,83+3,83+3,82+3,71+3,73+3,73+3,73+3,71+3,68+3,63+3,63+3,63+3,68+3,77.0,70.0,54.0,90.0,74.0,90.0,80.0,70.0,85.0,92.0,70.0,67.0,79.0,86.0,84.0,65.0,47.0,55.0,58.0,71.0,58.0,66.0,81.0,93.0,71.0,89.0,67.0,57.0,56.0,6.0,13.0,6.0,13.0,7.0,€26.9M
77,232363,M. Škriniar,23,https://cdn.sofifa.org/players/4/19/232363.png,Slovakia,https://cdn.sofifa.org/flags/43.png,85,92,Inter,https://cdn.sofifa.org/teams/2/light/44.png,€46.5M,€82K,1800,Right,1.0,4.0,2.0,Medium/ High,Normal,No,LCB,37.0,"Jul 7, 2017",,2022,6'2,176lbs,57+2,57+2,57+2,56+2,57+2,57+2,57+2,56+2,58+2,58+2,58+2,60+2,65+2,65+2,65+2,60+2,73+2,78+2,78+2,78+2,73+2,76+2,83+2,83+2,83+2,76+2,40.0,42.0,80.0,70.0,40.0,59.0,34.0,30.0,68.0,67.0,70.0,73.0,48.0,81.0,48.0,50.0,78.0,77.0,83.0,30.0,86.0,86.0,30.0,57.0,56.0,80.0,92.0,88.0,82.0,10.0,13.0,12.0,8.0,12.0,€88.4M
78,223848,S. Milinković-Savić,23,https://cdn.sofifa.org/players/4/19/223848.png,Serbia,https://cdn.sofifa.org/flags/51.png,85,90,Lazio,https://cdn.sofifa.org/teams/2/light/46.png,€50.5M,€73K,2206,Right,2.0,4.0,4.0,High/ Medium,Normal,Yes,CM,21.0,"Aug 6, 2015",,2023,6'3,168lbs,81+2,81+2,81+2,79+2,81+2,81+2,81+2,79+2,82+2,82+2,82+2,80+2,83+2,83+2,83+2,80+2,77+2,80+2,80+2,80+2,77+2,76+2,79+2,79+2,79+2,76+2,64.0,80.0,86.0,85.0,74.0,86.0,78.0,75.0,85.0,87.0,68.0,70.0,66.0,80.0,59.0,83.0,85.0,85.0,88.0,80.0,73.0,78.0,79.0,85.0,56.0,82.0,75.0,77.0,72.0,7.0,10.0,7.0,16.0,7.0,€89.6M
79,220834,Marco Asensio,22,https://cdn.sofifa.org/players/4/19/220834.png,Spain,https://cdn.sofifa.org/flags/45.png,85,92,Real Madrid,https://cdn.sofifa.org/teams/2/light/243.png,€54M,€215K,2050,Left,3.0,3.0,4.0,High/ Medium,Normal,Yes,RW,10.0,"Jul 1, 2015",,2023,6'0,168lbs,79+3,79+3,79+3,83+3,83+3,83+3,83+3,83+3,83+3,83+3,83+3,83+3,79+3,79+3,79+3,83+3,66+3,63+3,63+3,63+3,66+3,62+3,51+3,51+3,51+3,62+3,82.0,82.0,50.0,83.0,79.0,86.0,83.0,76.0,82.0,85.0,85.0,82.0,79.0,82.0,76.0,86.0,58.0,76.0,61.0,88.0,45.0,45.0,82.0,84.0,62.0,83.0,40.0,42.0,39.0,13.0,9.0,6.0,12.0,10.0,€121.5M
80,216594,N. Fekir,24,https://cdn.sofifa.org/players/4/19/216594.png,France,https://cdn.sofifa.org/flags/18.png,85,89,Olympique Lyonnais,https://cdn.sofifa.org/teams/2/light/66.png,€50M,€92K,2102,Left,3.0,3.0,4.0,High/ Medium,Stocky,Yes,CAM,18.0,"Jul 1, 2013",,2020,5'8,165lbs,79+3,79+3,79+3,84+3,83+3,83+3,83+3,84+3,83+3,83+3,83+3,83+3,77+3,77+3,77+3,83+3,62+3,60+3,60+3,60+3,62+3,57+3,50+3,50+3,50+3,57+3,83.0,82.0,49.0,83.0,77.0,90.0,81.0,79.0,75.0,89.0,79.0,79.0,90.0,80.0,91.0,84.0,69.0,80.0,82.0,82.0,73.0,28.0,81.0,81.0,81.0,89.0,31.0,37.0,25.0,15.0,9.0,8.0,14.0,15.0,€98.8M
81,212831,Alisson,25,https://cdn.sofifa.org/players/4/19/212831.png,Brazil,https://cdn.sofifa.org/flags/54.png,85,90,Liverpool,https://cdn.sofifa.org/teams/2/light/9.png,€36.5M,€115K,1320,Right,3.0,3.0,1.0,Medium/ Medium,Normal,Yes,GK,13.0,"Jul 19, 2018",,2024,6'3,201lbs,,,,,,,,,,,,,,,,,,,,,,,,,,,17.0,13.0,19.0,45.0,20.0,27.0,19.0,18.0,44.0,30.0,54.0,45.0,40.0,84.0,37.0,21.0,52.0,32.0,78.0,14.0,27.0,11.0,13.0,66.0,23.0,65.0,15.0,19.0,16.0,83.0,81.0,85.0,84.0,88.0,€72.1M
82,212622,J. Kimmich,23,https://cdn.sofifa.org/players/4/19/212622.png,Germany,https://cdn.sofifa.org/flags/21.png,85,88,FC Bayern München,https://cdn.sofifa.org/teams/2/light/21.png,€40.5M,€92K,2185,Right,3.0,4.0,3.0,High/ Low,Lean,Yes,RCM,18.0,"Jul 1, 2015",,2023,5'9,154lbs,75+3,75+3,75+3,79+3,78+3,78+3,78+3,79+3,79+3,79+3,79+3,81+3,81+3,81+3,81+3,81+3,81+3,80+3,80+3,80+3,81+3,80+3,77+3,77+3,77+3,80+3,90.0,66.0,74.0,85.0,61.0,80.0,81.0,61.0,80.0,85.0,78.0,68.0,84.0,85.0,83.0,75.0,79.0,85.0,65.0,69.0,74.0,79.0,80.0,79.0,44.0,82.0,75.0,81.0,79.0,8.0,15.0,7.0,15.0,15.0,€69.9M
83,208421,Saúl,23,https://cdn.sofifa.org/players/4/19/208421.png,Spain,https://cdn.sofifa.org/flags/45.png,85,90,Atlético Madrid,https://cdn.sofifa.org/teams/2/light/240.png,€50.5M,€77K,2196,Left,3.0,4.0,3.0,High/ High,Lean,Yes,RCM,6.0,"Jul 1, 2013",,2026,6'0,170lbs,80+3,80+3,80+3,79+3,81+3,81+3,81+3,79+3,81+3,81+3,81+3,80+3,82+3,82+3,82+3,80+3,78+3,80+3,80+3,80+3,78+3,78+3,78+3,78+3,78+3,78+3,69.0,78.0,83.0,85.0,76.0,83.0,72.0,60.0,83.0,85.0,74.0,73.0,76.0,82.0,69.0,78.0,79.0,86.0,77.0,79.0,69.0,78.0,82.0,82.0,55.0,83.0,77.0,79.0,76.0,7.0,13.0,12.0,10.0,9.0,€107.3M
84,204485,R. Mahrez,27,https://cdn.sofifa.org/players/4/19/204485.png,Algeria,https://cdn.sofifa.org/flags/97.png,85,85,Manchester City,https://cdn.sofifa.org/teams/2/light/10.png,€40.5M,€205K,2031,Left,3.0,4.0,5.0,Medium/ Medium,Lean,Yes,RW,26.0,"Jul 10, 2018",,2023,5'10,148lbs,77+3,77+3,77+3,84+3,82+3,82+3,82+3,84+3,83+3,83+3,83+3,83+3,77+3,77+3,77+3,83+3,63+3,59+3,59+3,59+3,63+3,57+3,47+3,47+3,47+3,57+3,81.0,80.0,48.0,82.0,72.0,91.0,84.0,78.0,76.0,90.0,88.0,83.0,93.0,77.0,88.0,79.0,61.0,76.0,54.0,81.0,48.0,39.0,80.0,81.0,73.0,86.0,45.0,31.0,18.0,15.0,9.0,13.0,11.0,6.0,€74.9M
85,197445,D. Alaba,26,https://cdn.sofifa.org/players/4/19/197445.png,Austria,https://cdn.sofifa.org/flags/4.png,85,87,FC Bayern München,https://cdn.sofifa.org/teams/2/light/21.png,€38M,€110K,2261,Left,4.0,4.0,3.0,High/ Medium,Lean,Yes,LB,8.0,"Feb 10, 2010",,2021,5'11,168lbs,76+3,76+3,76+3,78+3,78+3,78+3,78+3,78+3,79+3,79+3,79+3,79+3,80+3,80+3,80+3,79+3,82+3,81+3,81+3,81+3,82+3,82+3,79+3,79+3,79+3,82+3,81.0,63.0,75.0,82.0,68.0,79.0,78.0,84.0,80.0,83.0,79.0,86.0,79.0,84.0,77.0,83.0,82.0,87.0,71.0,82.0,69.0,84.0,76.0,77.0,80.0,79.0,80.0,82.0,80.0,5.0,7.0,14.0,15.0,9.0,€65.6M
86,193747,Koke,26,https://cdn.sofifa.org/players/4/19/193747.png,Spain,https://cdn.sofifa.org/flags/45.png,85,86,Atlético Madrid,https://cdn.sofifa.org/teams/2/light/240.png,€45M,€88K,2175,Right,3.0,4.0,3.0,High/ High,Normal,Yes,LM,8.0,"Jan 1, 2011",,2019,5'9,163lbs,77+3,77+3,77+3,81+3,81+3,81+3,81+3,81+3,83+3,83+3,83+3,83+3,84+3,84+3,84+3,83+3,76+3,78+3,78+3,78+3,76+3,73+3,70+3,70+3,70+3,73+3,86.0,72.0,61.0,90.0,56.0,82.0,85.0,76.0,89.0,86.0,71.0,68.0,74.0,85.0,78.0,84.0,61.0,90.0,79.0,81.0,71.0,66.0,84.0,87.0,59.0,78.0,80.0,69.0,51.0,14.0,12.0,5.0,10.0,13.0,€95.6M
87,193301,A. Lacazette,27,https://cdn.sofifa.org/players/4/19/193301.png,France,https://cdn.sofifa.org/flags/18.png,85,86,Arsenal,https://cdn.sofifa.org/teams/2/light/1.png,€45M,€180K,2060,Right,3.0,4.0,4.0,High/ High,Normal,Yes,ST,9.0,"Jul 5, 2017",,2022,5'9,161lbs,82+3,82+3,82+3,81+3,83+3,83+3,83+3,81+3,81+3,81+3,81+3,79+3,74+3,74+3,74+3,79+3,62+3,60+3,60+3,60+3,62+3,59+3,54+3,54+3,54+3,59+3,64.0,88.0,73.0,80.0,81.0,85.0,74.0,71.0,59.0,83.0,81.0,84.0,85.0,85.0,85.0,83.0,76.0,79.0,73.0,75.0,70.0,42.0,86.0,76.0,84.0,85.0,29.0,42.0,30.0,11.0,6.0,9.0,5.0,6.0,€88.9M
88,192774,K. Manolas,27,https://cdn.sofifa.org/players/4/19/192774.png,Greece,https://cdn.sofifa.org/flags/22.png,85,87,Roma,https://cdn.sofifa.org/teams/2/light/52.png,€37.5M,€96K,1642,Right,3.0,2.0,2.0,Low/ High,Normal,No,LCB,4.0,"Aug 26, 2014",,2022,6'2,183lbs,49+3,49+3,49+3,49+3,48+3,48+3,48+3,49+3,49+3,49+3,49+3,53+3,56+3,56+3,56+3,53+3,72+3,74+3,74+3,74+3,72+3,76+3,83+3,83+3,83+3,76+3,27.0,10.0,80.0,60.0,16.0,54.0,30.0,10.0,61.0,65.0,80.0,85.0,68.0,85.0,59.0,40.0,86.0,76.0,82.0,12.0,86.0,86.0,25.0,22.0,26.0,79.0,86.0,87.0,89.0,8.0,6.0,8.0,15.0,12.0,€66.6M
89,192366,N. Otamendi,30,https://cdn.sofifa.org/players/4/19/192366.png,Argentina,https://cdn.sofifa.org/flags/52.png,85,85,Manchester City,https://cdn.sofifa.org/teams/2/light/10.png,€28.5M,€170K,1916,Right,3.0,3.0,2.0,High/ High,Normal,Yes,CB,30.0,"Aug 20, 2015",,2022,6'0,179lbs,64+3,64+3,64+3,59+3,61+3,61+3,61+3,59+3,62+3,62+3,62+3,61+3,67+3,67+3,67+3,61+3,72+3,77+3,77+3,77+3,72+3,74+3,82+3,82+3,82+3,74+3,52.0,54.0,85.0,75.0,57.0,51.0,50.0,39.0,72.0,70.0,57.0,61.0,64.0,79.0,62.0,69.0,92.0,67.0,80.0,56.0,91.0,84.0,51.0,53.0,45.0,80.0,83.0,85.0,84.0,12.0,5.0,8.0,11.0,12.0,€52.7M
90,189513,Parejo,29,https://cdn.sofifa.org/players/4/19/189513.png,Spain,https://cdn.sofifa.org/flags/45.png,85,85,Valencia CF,https://cdn.sofifa.org/teams/2/light/461.png,€37M,€66K,2119,Right,2.0,4.0,3.0,Medium/ Low,Lean,Yes,RCM,10.0,"Jul 1, 2011",,2020,6'0,163lbs,74+2,74+2,74+2,77+2,77+2,77+2,77+2,77+2,80+2,80+2,80+2,78+2,83+2,83+2,83+2,78+2,74+2,77+2,77+2,77+2,74+2,71+2,69+2,69+2,69+2,71+2,84.0,79.0,61.0,90.0,72.0,78.0,89.0,90.0,87.0,84.0,51.0,43.0,66.0,78.0,72.0,78.0,51.0,78.0,72.0,82.0,58.0,81.0,81.0,86.0,83.0,78.0,69.0,68.0,60.0,5.0,9.0,12.0,14.0,8.0,€77.7M
91,187961,Paulinho,29,https://cdn.sofifa.org/players/4/19/187961.png,Brazil,https://cdn.sofifa.org/flags/54.png,85,85,Guangzhou Evergrande Taobao FC,https://cdn.sofifa.org/teams/2/light/111839.png,€37M,€235K,2245,Right,3.0,3.0,3.0,High/ High,Lean,Yes,LDM,9.0,,FC Barcelona,"Jun 30, 2019",6'0,157lbs,81+3,81+3,81+3,79+3,81+3,81+3,81+3,79+3,81+3,81+3,81+3,79+3,82+3,82+3,82+3,79+3,78+3,81+3,81+3,81+3,78+3,78+3,80+3,80+3,80+3,78+3,64.0,81.0,85.0,84.0,75.0,82.0,66.0,72.0,80.0,84.0,73.0,73.0,69.0,84.0,66.0,83.0,90.0,92.0,81.0,80.0,81.0,81.0,84.0,78.0,71.0,80.0,75.0,81.0,73.0,16.0,16.0,11.0,6.0,8.0,
92,186153,W. Szczęsny,28,https://cdn.sofifa.org/players/4/19/186153.png,Poland,https://cdn.sofifa.org/flags/37.png,85,87,Juventus,https://cdn.sofifa.org/teams/2/light/45.png,€32M,€125K,1270,Right,3.0,3.0,1.0,Medium/ Medium,Lean,Yes,GK,1.0,"Jul 19, 2017",,2021,6'5,198lbs,,,,,,,,,,,,,,,,,,,,,,,,,,,12.0,12.0,16.0,32.0,14.0,11.0,16.0,14.0,36.0,22.0,51.0,47.0,55.0,82.0,51.0,15.0,71.0,45.0,65.0,14.0,40.0,15.0,14.0,48.0,18.0,65.0,20.0,13.0,12.0,85.0,81.0,71.0,85.0,87.0,€55.2M
93,184941,A. Sánchez,29,https://cdn.sofifa.org/players/4/19/184941.png,Chile,https://cdn.sofifa.org/flags/55.png,85,85,Manchester United,https://cdn.sofifa.org/teams/2/light/11.png,€37.5M,€215K,2172,Right,4.0,3.0,4.0,High/ High,Normal,Yes,RW,7.0,"Jan 22, 2018",,2022,5'7,163lbs,81+3,81+3,81+3,82+3,82+3,82+3,82+3,82+3,82+3,82+3,82+3,82+3,77+3,77+3,77+3,82+3,65+3,64+3,64+3,64+3,65+3,62+3,57+3,57+3,57+3,62+3,77.0,80.0,73.0,77.0,83.0,87.0,79.0,78.0,75.0,86.0,86.0,79.0,90.0,83.0,87.0,84.0,87.0,83.0,72.0,81.0,79.0,46.0,84.0,82.0,77.0,84.0,38.0,44.0,35.0,10.0,10.0,15.0,12.0,13.0,€69.4M
94,184267,Y. Brahimi,28,https://cdn.sofifa.org/players/4/19/184267.png,Algeria,https://cdn.sofifa.org/flags/97.png,85,85,FC Porto,https://cdn.sofifa.org/teams/2/light/236.png,€39M,€28K,2030,Right,3.0,3.0,4.0,High/ Medium,Normal,No,LM,8.0,"Jul 22, 2014",,2019,5'9,146lbs,75+3,75+3,75+3,83+3,81+3,81+3,81+3,83+3,82+3,82+3,82+3,82+3,76+3,76+3,76+3,82+3,64+3,60+3,60+3,60+3,64+3,59+3,48+3,48+3,48+3,59+3,79.0,76.0,46.0,79.0,73.0,93.0,84.0,78.0,72.0,86.0,87.0,75.0,92.0,84.0,87.0,69.0,72.0,85.0,49.0,76.0,46.0,38.0,83.0,79.0,75.0,90.0,51.0,36.0,25.0,13.0,16.0,12.0,7.0,7.0,€78M
95,183907,J. Boateng,29,https://cdn.sofifa.org/players/4/19/183907.png,Germany,https://cdn.sofifa.org/flags/21.png,85,85,FC Bayern München,https://cdn.sofifa.org/teams/2/light/21.png,€30M,€115K,1948,Right,4.0,4.0,2.0,Medium/ Medium,Stocky,Yes,RCB,17.0,"Jul 14, 2011",,2021,6'4,198lbs,63+3,63+3,63+3,63+3,64+3,64+3,64+3,63+3,66+3,66+3,66+3,67+3,72+3,72+3,72+3,67+3,76+3,80+3,80+3,80+3,76+3,78+3,83+3,83+3,83+3,78+3,69.0,34.0,85.0,75.0,52.0,64.0,53.0,31.0,83.0,70.0,67.0,72.0,56.0,82.0,52.0,78.0,74.0,69.0,91.0,58.0,81.0,81.0,47.0,75.0,46.0,84.0,84.0,87.0,87.0,7.0,12.0,15.0,6.0,5.0,€49.5M
96,181872,A. Vidal,31,https://cdn.sofifa.org/players/4/19/181872.png,Chile,https://cdn.sofifa.org/flags/55.png,85,85,FC Barcelona,https://cdn.sofifa.org/teams/2/light/241.png,€26M,€205K,2230,Right,4.0,4.0,3.0,Medium/ Medium,Normal,Yes,CAM,8.0,"Aug 6, 2018",,2021,5'11,165lbs,78+3,78+3,78+3,76+3,78+3,78+3,78+3,76+3,78+3,78+3,78+3,76+3,81+3,81+3,81+3,76+3,79+3,83+3,83+3,83+3,79+3,80+3,83+3,83+3,83+3,80+3,76.0,75.0,82.0,83.0,78.0,76.0,76.0,68.0,79.0,82.0,60.0,55.0,74.0,84.0,75.0,86.0,85.0,83.0,79.0,85.0,93.0,84.0,80.0,80.0,81.0,81.0,82.0,87.0,86.0,4.0,2.0,4.0,2.0,4.0,€53.3M
97,181458,I. Perišić,29,https://cdn.sofifa.org/players/4/19/181458.png,Croatia,https://cdn.sofifa.org/flags/10.png,85,85,Inter,https://cdn.sofifa.org/teams/2/light/44.png,€37.5M,€110K,2199,Right,3.0,5.0,4.0,Medium/ Medium,Lean,Yes,LM,44.0,"Sep 1, 2015",,2022,6'1,176lbs,82+3,82+3,82+3,82+3,82+3,82+3,82+3,82+3,81+3,81+3,81+3,83+3,79+3,79+3,79+3,83+3,75+3,72+3,72+3,72+3,75+3,72+3,68+3,68+3,68+3,72+3,83.0,79.0,80.0,81.0,81.0,84.0,73.0,75.0,77.0,85.0,84.0,88.0,78.0,81.0,74.0,84.0,84.0,89.0,78.0,79.0,65.0,69.0,85.0,79.0,76.0,80.0,64.0,52.0,54.0,6.0,7.0,10.0,9.0,6.0,€63.8M
98,180930,E. Džeko,32,https://cdn.sofifa.org/players/4/19/180930.png,Bosnia Herzegovina,https://cdn.sofifa.org/flags/8.png,85,85,Roma,https://cdn.sofifa.org/teams/2/light/52.png,€30.5M,€115K,1931,Right,3.0,5.0,2.0,Medium/ Medium,Lean,Yes,ST,9.0,"Jul 1, 2015",,2020,6'4,185lbs,82+3,82+3,82+3,77+3,80+3,80+3,80+3,77+3,78+3,78+3,78+3,76+3,74+3,74+3,74+3,76+3,59+3,61+3,61+3,61+3,59+3,56+3,55+3,55+3,55+3,56+3,63.0,89.0,84.0,77.0,77.0,76.0,65.0,54.0,72.0,84.0,65.0,66.0,57.0,83.0,36.0,86.0,66.0,76.0,80.0,79.0,51.0,50.0,89.0,74.0,67.0,83.0,58.0,28.0,16.0,9.0,11.0,13.0,15.0,15.0,€51.9M
99,179846,S. Khedira,31,https://cdn.sofifa.org/players/4/19/179846.png,Germany,https://cdn.sofifa.org/flags/21.png,85,85,Juventus,https://cdn.sofifa.org/teams/2/light/45.png,€33M,€160K,2154,Right,3.0,4.0,2.0,High/ High,Normal,Yes,RCM,6.0,"Jul 1, 2015",,2021,6'2,198lbs,77+3,77+3,77+3,76+3,78+3,78+3,78+3,76+3,79+3,79+3,79+3,77+3,82+3,82+3,82+3,77+3,78+3,83+3,83+3,83+3,78+3,77+3,81+3,81+3,81+3,77+3,72.0,72.0,76.0,85.0,78.0,81.0,68.0,68.0,82.0,84.0,54.0,60.0,55.0,87.0,54.0,82.0,68.0,78.0,87.0,78.0,82.0,86.0,79.0,82.0,69.0,84.0,80.0,83.0,76.0,11.0,9.0,5.0,15.0,8.0,€54.5M
